IdUsuario,Nombre,Email,Oid,DepartamentoId,RolId
1,User1,user1@example.com,5fb72c16-adf0-4dc0-a6eb-a375484f6377,7,26
2,User2,user2@example.com,6799efc3-b8b5-493e-a812-32e8d7573f2c,7,25
3,User3,user3@example.com,24eef8aa-bd39-42a5-862f-407d496f1323,8,29
4,User4,user4@example.com,0811a22d-ce6b-4215-b48c-72c6492621e5,6,20
5,User5,user5@example.com,05faca75-f907-4da0-af83-060bc5a0ce4d,9,33
6,User6,user6@example.com,dbfc34c5-eaf7-4af1-a92d-42a837543471,3,9
7,User7,user7@example.com,bce6364c-d0e3-45d0-961e-103ca925a33d,6,21
8,User8,user8@example.com,ae75266a-e11d-48b7-9534-22e480ed3503,9,34
9,User9,user9@example.com,61a6c2b2-bf1a-44f2-a75f-7d14b58be4c1,5,16
10,User10,user10@example.com,fa578505-615a-4c59-b7cc-605eab837a0b,9,32
11,User11,user11@example.com,e1ebabc9-c809-4ab2-8e13-dae82b446cf2,3,10
12,User12,user12@example.com,7160091f-de25-46e6-b939-507b231e4c5e,5,14
13,User13,user13@example.com,a59216f4-ea08-4130-a994-f49fc3496539,8,28
14,User14,user14@example.com,438397f0-8902-4657-bf50-cf1dcc725099,5,16
15,User15,user15@example.com,c1e2d26f-7cf0-40d0-b884-ae6b7b24e03f,3,9
16,User16,user16@example.com,0501601b-78f3-4ac7-b5ea-cb0098feee80,3,11
17,User17,user17@example.com,9b4136c6-7dac-4e5d-9aaf-836f83b32e40,9,33
18,User18,user18@example.com,d151b884-288d-4394-a687-103715d856b6,3,9
19,User19,user19@example.com,ad0f83bc-1d4c-4ec6-8676-463ab00c70a0,6,21
20,User20,user20@example.com,85d5bfae-f494-409f-b458-32f127b50d35,7,27
21,User21,user21@example.com,dbf21760-a572-43aa-b21c-58085a55bff3,1,3
22,User22,user22@example.com,e5cc53a0-b2d6-41b5-aafe-5d678fba0659,3,8
23,User23,user23@example.com,08f86f3b-f937-4e27-8e99-5dd8660ea423,1,4
24,User24,user24@example.com,680cfba3-0b36-4360-a9a3-ee86edbc0871,8,28
25,User25,user25@example.com,f4ee5338-6896-4e75-9a2c-4ab36cb903a5,4,13
26,User26,user26@example.com,6b334920-3e62-4011-a33a-90ac01729a30,8,28
27,User27,user27@example.com,0daf6bdc-d5b3-40bb-a055-42e4749742f6,5,15
28,User28,user28@example.com,f566cd66-29b1-4756-9c2f-ede25dac9ac7,7,26
29,User29,user29@example.com,a9a46a3a-ea93-4dda-9d17-611ca9b7022c,9,33
30,User30,user30@example.com,64d8cc4f-8231-49bf-95b7-f5e119f083c2,7,25
